{
	"description": "项目配置文件",
	"cloudfunctionRoot": "cloud/",
	"packOptions": {
		"ignore": []
	},
	"setting": {
		"urlCheck": false,
		"es6": true,
		"enhance": false,
		"postcss": true,
		"preloadBackgroundData": false,
		"minified": true,
		"newFeature": false,
		"coverView": true,
		"nodeModules": false,
		"autoAudits": false,
		"showShadowRootInWxmlPanel": true,
		"scopeDataCheck": false,
		"uglifyFileName": false,
		"checkInvalidKey": true,
		"checkSiteMap": true,
		"uploadWithSourceMap": true,
		"compileHotReLoad": false,
		"babelSetting": {
			"ignore": [],
			"disablePlugins": [],
			"outputPath": ""
		},
		"useIsolateContext": true,
		"useCompilerModule": true,
		"userConfirmedUseCompilerModuleSwitch": false,
		"packNpmManually": false,
		"packNpmRelationList": []
	},
	"compileType": "miniprogram",
	"libVersion": "2.12.0",
	"appid": "wxea70f3a2aa4ca615",
	"projectname": "%E5%9C%B0%E6%91%8A%E8%B4%AD%E7%89%A9%E7%B3%BB%E7%BB%9F",
	"debugOptions": {
		"hidedInDevtools": []
	},
	"scripts": {},
	"isGameTourist": false,
	"simulatorType": "wechat",
	"simulatorPluginLibVersion": {},
	"condition": {
		"search": {
			"current": -1,
			"list": []
		},
		"conversation": {
			"current": -1,
			"list": []
		},
		"plugin": {
			"current": -1,
			"list": []
		},
		"game": {
			"current": -1,
			"list": []
		},
		"gamePlugin": {
			"current": -1,
			"list": []
		},
		"miniprogram": {
			"current": -1,
			"list": [
				{
					"id": 0,
					"name": "pages/oder/oder",
					"pathName": "pages/oder/oder",
					"query": "",
					"scene": null
				},
				{
					"id": -1,
					"name": "pages/share/share",
					"pathName": "pages/share/share",
					"query": "",
					"scene": null
				},
				{
					"id": -1,
					"name": "pages/user/user",
					"pathName": "pages/user/user",
					"query": "",
					"scene": null
				},
				{
					"id": -1,
					"name": "pages/search/search",
					"pathName": "pages/search/search",
					"query": "",
					"scene": null
				},
				{
					"id": -1,
					"name": "pages/shopping/shopping",
					"pathName": "pages/shopping/shopping",
					"query": "",
					"scene": null
				},
				{
					"id": -1,
					"name": "pages/community/community",
					"pathName": "pages/community/community",
					"query": "",
					"scene": null
				},
				{
					"id": -1,
					"name": "pages/show_stall/show_stall",
					"pathName": "pages/show_stall/show_stall",
					"query": "",
					"scene": null
				},
				{
					"id": -1,
					"name": "pages/new_goods/new_goods",
					"pathName": "pages/new_goods/new_goods",
					"query": "",
					"scene": null
				},
				{
					"id": -1,
					"name": "pages/new_goods/new_goods",
					"pathName": "pages/new_goods/new_goods",
					"query": "",
					"scene": null
				},
				{
					"id": -1,
					"name": "pages/show_new_goods/show_new_goods",
					"pathName": "pages/show_new_goods/show_new_goods",
					"query": "",
					"scene": null
				},
				{
					"id": -1,
					"name": "pages/collect/collect",
					"pathName": "pages/collect/collect",
					"query": "",
					"scene": null
				},
				{
					"id": -1,
					"name": "pages/owner/owner",
					"pathName": "pages/owner/owner",
					"query": "",
					"scene": null
				},
				{
					"id": -1,
					"name": "pages/appoint/appoint",
					"pathName": "pages/appoint/appoint",
					"query": "",
					"scene": null
				},
				{
					"id": -1,
					"name": "pages/shopping/shopping",
					"pathName": "pages/shopping/shopping",
					"scene": null
				}
			]
		}
	}
}